profile,seed,policy,executions,fresh_controls,mismatches,read_mismatches,explicit_prepares,internal_reprepares,errors,events,catalog_sync_prepares
stable,1201,native,30,30,0,0,14,0,0,2,90
stable,1201,checkout,30,30,0,0,30,0,0,2,90
stable,1201,dependency,30,30,0,0,14,0,0,2,90
stable,1201,global_epoch,30,30,0,0,14,0,0,2,90
stable,1201,direct,30,30,0,0,14,0,0,2,90
stable,1201,prefix_strict,30,30,0,0,14,0,0,2,90
stable,1201,bindscope,30,30,0,0,14,0,0,2,90
stable,1301,native,30,30,0,0,15,0,0,2,90
stable,1301,checkout,30,30,0,0,30,0,0,2,90
stable,1301,dependency,30,30,0,0,15,0,0,2,90
stable,1301,global_epoch,30,30,0,0,15,0,0,2,90
stable,1301,direct,30,30,0,0,15,0,0,2,90
stable,1301,prefix_strict,30,30,0,0,15,0,0,2,90
stable,1301,bindscope,30,30,0,0,15,0,0,2,90
stable,1409,native,30,30,0,0,13,0,0,2,90
stable,1409,checkout,30,30,0,0,30,0,0,2,90
stable,1409,dependency,30,30,0,0,13,0,0,2,90
stable,1409,global_epoch,30,30,0,0,13,0,0,2,90
stable,1409,direct,30,30,0,0,13,0,0,2,90
stable,1409,prefix_strict,30,30,0,0,13,0,0,2,90
stable,1409,bindscope,30,30,0,0,13,0,0,2,90
stable,1511,native,30,30,0,0,13,0,0,2,90
stable,1511,checkout,30,30,0,0,30,0,0,2,90
stable,1511,dependency,30,30,0,0,13,0,0,2,90
stable,1511,global_epoch,30,30,0,0,13,0,0,2,90
stable,1511,direct,30,30,0,0,13,0,0,2,90
stable,1511,prefix_strict,30,30,0,0,13,0,0,2,90
stable,1511,bindscope,30,30,0,0,13,0,0,2,90
stable,1601,native,30,30,0,0,13,0,0,2,90
stable,1601,checkout,30,30,0,0,30,0,0,2,90
stable,1601,dependency,30,30,0,0,13,0,0,2,90
stable,1601,global_epoch,30,30,0,0,13,0,0,2,90
stable,1601,direct,30,30,0,0,13,0,0,2,90
stable,1601,prefix_strict,30,30,0,0,13,0,0,2,90
stable,1601,bindscope,30,30,0,0,13,0,0,2,90
shadow,1201,native,30,30,0,0,12,10,0,22,90
shadow,1201,checkout,30,30,0,0,30,0,0,22,90
shadow,1201,dependency,30,30,0,0,12,10,0,22,90
shadow,1201,global_epoch,30,30,0,0,24,0,0,22,90
shadow,1201,direct,30,30,0,0,12,10,0,22,90
shadow,1201,prefix_strict,30,30,0,0,17,5,0,22,90
shadow,1201,bindscope,30,30,0,0,12,10,0,22,90
shadow,1301,native,30,30,0,0,12,11,0,14,90
shadow,1301,checkout,30,30,0,0,30,0,0,14,90
shadow,1301,dependency,30,30,0,0,12,11,0,14,90
shadow,1301,global_epoch,30,30,0,0,26,0,0,14,90
shadow,1301,direct,30,30,0,0,15,8,0,14,90
shadow,1301,prefix_strict,30,30,0,0,17,6,0,14,90
shadow,1301,bindscope,30,30,0,0,15,8,0,14,90
shadow,1409,native,30,30,0,0,12,7,0,7,90
shadow,1409,checkout,30,30,0,0,30,0,0,7,90
shadow,1409,dependency,30,30,0,0,12,7,0,7,90
shadow,1409,global_epoch,30,30,0,0,24,0,0,7,90
shadow,1409,direct,30,30,0,0,12,7,0,7,90
shadow,1409,prefix_strict,30,30,0,0,15,4,0,7,90
shadow,1409,bindscope,30,30,0,0,12,7,0,7,90
shadow,1511,native,30,30,0,0,15,9,0,13,90
shadow,1511,checkout,30,30,0,0,30,0,0,13,90
shadow,1511,dependency,30,30,0,0,18,6,0,13,90
shadow,1511,global_epoch,30,30,0,0,27,0,0,13,90
shadow,1511,direct,30,30,0,0,18,6,0,13,90
shadow,1511,prefix_strict,30,30,0,0,18,6,0,13,90
shadow,1511,bindscope,30,30,0,0,18,6,0,13,90
shadow,1601,native,30,30,0,0,13,9,0,16,90
shadow,1601,checkout,30,30,0,0,30,0,0,16,90
shadow,1601,dependency,30,30,0,0,13,9,0,16,90
shadow,1601,global_epoch,30,30,0,0,26,0,0,16,90
shadow,1601,direct,30,30,0,0,15,7,0,16,90
shadow,1601,prefix_strict,30,30,0,0,19,3,0,16,90
shadow,1601,bindscope,30,30,0,0,15,7,0,16,90
shape,1201,native,30,30,3,3,12,4,1,13,90
shape,1201,checkout,30,30,0,0,30,0,1,13,90
shape,1201,dependency,30,30,3,3,15,1,1,13,90
shape,1201,global_epoch,30,30,0,0,24,0,1,13,90
shape,1201,direct,30,30,0,0,17,2,1,13,90
shape,1201,prefix_strict,30,30,0,0,18,2,1,13,90
shape,1201,bindscope,30,30,0,0,17,2,1,13,90
shape,1301,native,30,30,2,3,13,8,1,11,90
shape,1301,checkout,30,30,0,0,30,0,1,11,90
shape,1301,dependency,30,30,2,3,19,2,1,11,90
shape,1301,global_epoch,30,30,0,0,27,0,1,11,90
shape,1301,direct,30,30,0,0,23,2,1,11,90
shape,1301,prefix_strict,30,30,0,0,23,2,1,11,90
shape,1301,bindscope,30,30,0,0,23,2,1,11,90
shape,1409,native,30,30,0,0,12,13,1,9,90
shape,1409,checkout,30,30,0,0,30,0,1,9,90
shape,1409,dependency,30,30,0,0,20,6,1,9,90
shape,1409,global_epoch,30,30,0,0,28,0,1,9,90
shape,1409,direct,30,30,0,0,21,5,1,9,90
shape,1409,prefix_strict,30,30,0,0,21,5,1,9,90
shape,1409,bindscope,30,30,0,0,21,5,1,9,90
shape,1511,native,30,30,0,0,15,9,0,10,90
shape,1511,checkout,30,30,0,0,30,0,0,10,90
shape,1511,dependency,30,30,0,0,21,3,0,10,90
shape,1511,global_epoch,30,30,0,0,27,0,0,10,90
shape,1511,direct,30,30,0,0,21,3,0,10,90
shape,1511,prefix_strict,30,30,0,0,21,3,0,10,90
shape,1511,bindscope,30,30,0,0,21,3,0,10,90
shape,1601,native,30,30,1,1,13,6,1,9,90
shape,1601,checkout,30,30,0,0,30,0,1,9,90
shape,1601,dependency,30,30,1,1,20,0,1,9,90
shape,1601,global_epoch,30,30,0,0,26,0,1,9,90
shape,1601,direct,30,30,0,0,21,0,1,9,90
shape,1601,prefix_strict,30,30,0,0,25,0,1,9,90
shape,1601,bindscope,30,30,0,0,21,0,1,9,90
mixed,1201,native,30,30,0,0,12,9,0,14,90
mixed,1201,checkout,30,30,0,0,30,0,0,14,90
mixed,1201,dependency,30,30,0,0,18,3,0,14,90
mixed,1201,global_epoch,30,30,0,0,23,0,0,14,90
mixed,1201,direct,30,30,0,0,18,3,0,14,90
mixed,1201,prefix_strict,30,30,0,0,18,3,0,14,90
mixed,1201,bindscope,30,30,0,0,18,3,0,14,90
mixed,1301,native,30,30,0,0,12,11,1,12,90
mixed,1301,checkout,30,30,0,0,30,0,1,12,90
mixed,1301,dependency,30,30,0,0,21,4,1,12,90
mixed,1301,global_epoch,30,30,0,0,27,0,1,12,90
mixed,1301,direct,30,30,0,0,22,3,1,12,90
mixed,1301,prefix_strict,30,30,0,0,22,3,1,12,90
mixed,1301,bindscope,30,30,0,0,22,3,1,12,90
mixed,1409,native,30,30,0,0,12,13,0,8,90
mixed,1409,checkout,30,30,0,0,30,0,0,8,90
mixed,1409,dependency,30,30,0,0,19,7,0,8,90
mixed,1409,global_epoch,30,30,0,0,28,0,0,8,90
mixed,1409,direct,30,30,0,0,19,7,0,8,90
mixed,1409,prefix_strict,30,30,0,0,19,7,0,8,90
mixed,1409,bindscope,30,30,0,0,19,7,0,8,90
mixed,1511,native,30,30,0,0,16,4,2,11,90
mixed,1511,checkout,30,30,0,0,30,0,2,11,90
mixed,1511,dependency,30,30,0,0,22,1,2,11,90
mixed,1511,global_epoch,30,30,0,0,25,0,2,11,90
mixed,1511,direct,30,30,0,0,22,1,2,11,90
mixed,1511,prefix_strict,30,30,0,0,22,1,2,11,90
mixed,1511,bindscope,30,30,0,0,22,1,2,11,90
mixed,1601,native,30,30,0,0,13,10,0,10,90
mixed,1601,checkout,30,30,0,0,30,0,0,10,90
mixed,1601,dependency,30,30,0,0,19,6,0,10,90
mixed,1601,global_epoch,30,30,0,0,25,0,0,10,90
mixed,1601,direct,30,30,0,0,19,6,0,10,90
mixed,1601,prefix_strict,30,30,0,0,20,5,0,10,90
mixed,1601,bindscope,30,30,0,0,19,6,0,10,90
