repeat,borrowers,sessions,leases,seconds,leases_per_second,median_wait_us,p95_wait_us,max_wait_us,waits_over_100us,errors
0,1,1,250,0.034909578,7161.358410004269,1.009,1.706,31.981,0,0
0,4,2,1000,0.110211078,9073.498038010299,2.3215,3.516,67595.111,2,0
0,8,2,2000,0.248824841,8037.782690675968,2.582,3.883,205161.98,9,0
1,4,2,1000,0.11069077,9034.176923694722,2.4475,3.646,61863.716,3,0
1,8,2,2000,0.27731374,7212.047985793997,2.529,4.079,234652.486,11,0
1,1,1,250,0.035863031,6970.966843265423,1.0705,1.952,6.051,0,0
2,8,2,2000,0.214446393,9326.340126410985,2.5295,3.585,170907.642,9,0
2,4,2,1000,0.113418682,8816.889619648375,2.8615,3.634,72666.258,3,0
2,1,1,250,0.03827002,6532.528595490674,1.118,2.015,61.677,0,0
3,1,1,250,0.037390885,6686.121497257955,1.0605,1.97,23.256,0,0
3,4,2,1000,0.127404352,7849.025439884503,2.8365,3.767,82808.993,3,0
3,8,2,2000,0.244008503,8196.435679128772,2.7085,3.7,185394.502,14,0
4,8,2,2000,0.239123319,8363.885247009306,2.369,3.789,203765.508,10,0
4,1,1,250,0.03343336,7477.561333949085,1.041,1.718,7.975,0,0
4,4,2,1000,0.09864819,10137.033431632146,2.353,3.48,61997.622,4,0
