profile,seed,policy,executions,fresh_controls,mismatches,explicit_prepares,internal_reprepares,errors,events,catalog_sync_prepares
stable,1201,native,1000,1000,0,16,0,0,59,3000
stable,1201,checkout,1000,1000,0,1000,0,0,59,3000
stable,1201,dependency,1000,1000,0,16,0,0,59,3000
stable,1201,global_epoch,1000,1000,0,16,0,0,59,3000
stable,1201,direct,1000,1000,0,16,0,0,59,3000
stable,1201,prefix_strict,1000,1000,0,16,0,0,59,3000
stable,1201,bindscope,1000,1000,0,16,0,0,59,3000
stable,1301,native,1000,1000,0,16,0,0,59,3000
stable,1301,checkout,1000,1000,0,1000,0,0,59,3000
stable,1301,dependency,1000,1000,0,16,0,0,59,3000
stable,1301,global_epoch,1000,1000,0,16,0,0,59,3000
stable,1301,direct,1000,1000,0,16,0,0,59,3000
stable,1301,prefix_strict,1000,1000,0,16,0,0,59,3000
stable,1301,bindscope,1000,1000,0,16,0,0,59,3000
stable,1409,native,1000,1000,0,16,0,0,59,3000
stable,1409,checkout,1000,1000,0,1000,0,0,59,3000
stable,1409,dependency,1000,1000,0,16,0,0,59,3000
stable,1409,global_epoch,1000,1000,0,16,0,0,59,3000
stable,1409,direct,1000,1000,0,16,0,0,59,3000
stable,1409,prefix_strict,1000,1000,0,16,0,0,59,3000
stable,1409,bindscope,1000,1000,0,16,0,0,59,3000
stable,1511,native,1000,1000,0,16,0,0,59,3000
stable,1511,checkout,1000,1000,0,1000,0,0,59,3000
stable,1511,dependency,1000,1000,0,16,0,0,59,3000
stable,1511,global_epoch,1000,1000,0,16,0,0,59,3000
stable,1511,direct,1000,1000,0,16,0,0,59,3000
stable,1511,prefix_strict,1000,1000,0,16,0,0,59,3000
stable,1511,bindscope,1000,1000,0,16,0,0,59,3000
stable,1601,native,1000,1000,0,16,0,0,59,3000
stable,1601,checkout,1000,1000,0,1000,0,0,59,3000
stable,1601,dependency,1000,1000,0,16,0,0,59,3000
stable,1601,global_epoch,1000,1000,0,16,0,0,59,3000
stable,1601,direct,1000,1000,0,16,0,0,59,3000
stable,1601,prefix_strict,1000,1000,0,16,0,0,59,3000
stable,1601,bindscope,1000,1000,0,16,0,0,59,3000
shadow,1201,native,1000,1000,0,16,707,0,366,3000
shadow,1201,checkout,1000,1000,0,1000,0,0,366,3000
shadow,1201,dependency,1000,1000,0,23,700,0,366,3000
shadow,1201,global_epoch,1000,1000,0,874,0,0,366,3000
shadow,1201,direct,1000,1000,0,304,419,0,366,3000
shadow,1201,prefix_strict,1000,1000,0,409,314,0,366,3000
shadow,1201,bindscope,1000,1000,0,304,419,0,366,3000
shadow,1301,native,1000,1000,0,16,675,0,351,3000
shadow,1301,checkout,1000,1000,0,1000,0,0,351,3000
shadow,1301,dependency,1000,1000,0,22,669,0,351,3000
shadow,1301,global_epoch,1000,1000,0,855,0,0,351,3000
shadow,1301,direct,1000,1000,0,311,380,0,351,3000
shadow,1301,prefix_strict,1000,1000,0,410,281,0,351,3000
shadow,1301,bindscope,1000,1000,0,311,380,0,351,3000
shadow,1409,native,1000,1000,0,16,680,0,338,3000
shadow,1409,checkout,1000,1000,0,1000,0,0,338,3000
shadow,1409,dependency,1000,1000,0,25,671,0,338,3000
shadow,1409,global_epoch,1000,1000,0,864,0,0,338,3000
shadow,1409,direct,1000,1000,0,298,398,0,338,3000
shadow,1409,prefix_strict,1000,1000,0,407,289,0,338,3000
shadow,1409,bindscope,1000,1000,0,298,398,0,338,3000
shadow,1511,native,1000,1000,0,16,709,0,371,3000
shadow,1511,checkout,1000,1000,0,1000,0,0,371,3000
shadow,1511,dependency,1000,1000,0,26,699,0,371,3000
shadow,1511,global_epoch,1000,1000,0,851,0,0,371,3000
shadow,1511,direct,1000,1000,0,315,410,0,371,3000
shadow,1511,prefix_strict,1000,1000,0,437,288,0,371,3000
shadow,1511,bindscope,1000,1000,0,315,410,0,371,3000
shadow,1601,native,1000,1000,0,16,682,0,341,3000
shadow,1601,checkout,1000,1000,0,1000,0,0,341,3000
shadow,1601,dependency,1000,1000,0,31,667,0,341,3000
shadow,1601,global_epoch,1000,1000,0,859,0,0,341,3000
shadow,1601,direct,1000,1000,0,310,388,0,341,3000
shadow,1601,prefix_strict,1000,1000,0,415,283,0,341,3000
shadow,1601,bindscope,1000,1000,0,310,388,0,341,3000
shape,1201,native,1000,1000,367,54,122,38,351,3000
shape,1201,checkout,1000,1000,0,1000,0,38,351,3000
shape,1201,dependency,1000,1000,367,182,20,38,351,3000
shape,1201,global_epoch,1000,1000,0,907,0,38,351,3000
shape,1201,direct,1000,1000,0,656,78,38,351,3000
shape,1201,prefix_strict,1000,1000,0,697,77,38,351,3000
shape,1201,bindscope,1000,1000,0,656,78,38,351,3000
shape,1301,native,1000,1000,373,55,116,41,358,3000
shape,1301,checkout,1000,1000,0,1000,0,41,358,3000
shape,1301,dependency,1000,1000,373,182,13,41,358,3000
shape,1301,global_epoch,1000,1000,0,915,0,41,358,3000
shape,1301,direct,1000,1000,0,672,55,41,358,3000
shape,1301,prefix_strict,1000,1000,0,709,54,41,358,3000
shape,1301,bindscope,1000,1000,0,672,55,41,358,3000
shape,1409,native,1000,1000,414,63,118,49,350,3000
shape,1409,checkout,1000,1000,0,1000,0,49,350,3000
shape,1409,dependency,1000,1000,414,183,22,49,350,3000
shape,1409,global_epoch,1000,1000,0,910,0,49,350,3000
shape,1409,direct,1000,1000,0,665,76,49,350,3000
shape,1409,prefix_strict,1000,1000,0,702,76,49,350,3000
shape,1409,bindscope,1000,1000,0,665,76,49,350,3000
shape,1511,native,1000,1000,391,57,101,43,349,3000
shape,1511,checkout,1000,1000,0,1000,0,43,349,3000
shape,1511,dependency,1000,1000,391,165,18,43,349,3000
shape,1511,global_epoch,1000,1000,0,898,0,43,349,3000
shape,1511,direct,1000,1000,0,663,70,43,349,3000
shape,1511,prefix_strict,1000,1000,0,698,69,43,349,3000
shape,1511,bindscope,1000,1000,0,663,70,43,349,3000
shape,1601,native,1000,1000,428,53,93,38,334,3000
shape,1601,checkout,1000,1000,0,1000,0,38,334,3000
shape,1601,dependency,1000,1000,428,152,17,38,334,3000
shape,1601,global_epoch,1000,1000,0,898,0,38,334,3000
shape,1601,direct,1000,1000,0,658,66,38,334,3000
shape,1601,prefix_strict,1000,1000,0,710,65,38,334,3000
shape,1601,bindscope,1000,1000,0,658,66,38,334,3000
mixed,1201,native,1000,1000,31,66,599,52,341,3000
mixed,1201,checkout,1000,1000,0,1000,0,52,341,3000
mixed,1201,dependency,1000,1000,9,626,176,52,341,3000
mixed,1201,global_epoch,1000,1000,0,871,0,52,341,3000
mixed,1201,direct,1000,1000,0,656,155,52,341,3000
mixed,1201,prefix_strict,1000,1000,0,669,142,52,341,3000
mixed,1201,bindscope,1000,1000,0,656,155,52,341,3000
mixed,1301,native,1000,1000,29,48,619,32,340,3000
mixed,1301,checkout,1000,1000,0,1000,0,32,340,3000
mixed,1301,dependency,1000,1000,10,496,267,32,340,3000
mixed,1301,global_epoch,1000,1000,0,856,0,32,340,3000
mixed,1301,direct,1000,1000,0,550,226,32,340,3000
mixed,1301,prefix_strict,1000,1000,0,561,217,32,340,3000
mixed,1301,bindscope,1000,1000,0,550,226,32,340,3000
mixed,1409,native,1000,1000,30,51,632,35,345,3000
mixed,1409,checkout,1000,1000,0,1000,0,35,345,3000
mixed,1409,dependency,1000,1000,15,507,255,35,345,3000
mixed,1409,global_epoch,1000,1000,0,855,3,35,345,3000
mixed,1409,direct,1000,1000,0,553,227,35,345,3000
mixed,1409,prefix_strict,1000,1000,0,564,218,35,345,3000
mixed,1409,bindscope,1000,1000,0,553,227,35,345,3000
mixed,1511,native,1000,1000,45,57,592,41,345,3000
mixed,1511,checkout,1000,1000,0,1000,0,41,345,3000
mixed,1511,dependency,1000,1000,17,544,220,41,345,3000
mixed,1511,global_epoch,1000,1000,0,839,0,41,345,3000
mixed,1511,direct,1000,1000,0,575,199,41,345,3000
mixed,1511,prefix_strict,1000,1000,0,594,182,41,345,3000
mixed,1511,bindscope,1000,1000,0,575,199,41,345,3000
mixed,1601,native,1000,1000,12,58,629,43,330,3000
mixed,1601,checkout,1000,1000,0,1000,0,43,330,3000
mixed,1601,dependency,1000,1000,6,514,252,43,330,3000
mixed,1601,global_epoch,1000,1000,0,840,0,43,330,3000
mixed,1601,direct,1000,1000,0,542,231,43,330,3000
mixed,1601,prefix_strict,1000,1000,0,561,212,43,330,3000
mixed,1601,bindscope,1000,1000,0,542,231,43,330,3000
