profile,seed,policy,executions,fresh_controls,mismatches,explicit_prepares,internal_reprepares,errors,events
stable,1201,native,80,80,0,16,0,0,5
stable,1201,checkout,80,80,0,80,0,0,5
stable,1201,global_epoch,80,80,0,16,0,0,5
stable,1201,direct,80,80,0,16,0,0,5
stable,1201,bindscope,80,80,0,16,0,0,5
stable,1301,native,80,80,0,16,0,0,5
stable,1301,checkout,80,80,0,80,0,0,5
stable,1301,global_epoch,80,80,0,16,0,0,5
stable,1301,direct,80,80,0,16,0,0,5
stable,1301,bindscope,80,80,0,16,0,0,5
stable,1409,native,80,80,0,16,0,0,5
stable,1409,checkout,80,80,0,80,0,0,5
stable,1409,global_epoch,80,80,0,16,0,0,5
stable,1409,direct,80,80,0,16,0,0,5
stable,1409,bindscope,80,80,0,16,0,0,5
stable,1511,native,80,80,0,15,0,0,5
stable,1511,checkout,80,80,0,80,0,0,5
stable,1511,global_epoch,80,80,0,15,0,0,5
stable,1511,direct,80,80,0,15,0,0,5
stable,1511,bindscope,80,80,0,15,0,0,5
stable,1601,native,80,80,0,16,0,0,5
stable,1601,checkout,80,80,0,80,0,0,5
stable,1601,global_epoch,80,80,0,16,0,0,5
stable,1601,direct,80,80,0,16,0,0,5
stable,1601,bindscope,80,80,0,16,0,0,5
shadow,1201,native,80,80,0,15,43,0,40
shadow,1201,checkout,80,80,0,80,0,0,40
shadow,1201,global_epoch,80,80,0,68,0,0,40
shadow,1201,direct,80,80,0,21,37,0,40
shadow,1201,bindscope,80,80,0,21,37,0,40
shadow,1301,native,80,80,0,16,44,0,36
shadow,1301,checkout,80,80,0,80,0,0,36
shadow,1301,global_epoch,80,80,0,73,0,0,36
shadow,1301,direct,80,80,0,38,22,0,36
shadow,1301,bindscope,80,80,0,38,22,0,36
shadow,1409,native,80,80,0,15,45,0,32
shadow,1409,checkout,80,80,0,80,0,0,32
shadow,1409,global_epoch,80,80,0,71,0,0,32
shadow,1409,direct,80,80,0,23,37,0,32
shadow,1409,bindscope,80,80,0,23,37,0,32
shadow,1511,native,80,80,0,16,48,0,33
shadow,1511,checkout,80,80,0,80,0,0,33
shadow,1511,global_epoch,80,80,0,69,0,0,33
shadow,1511,direct,80,80,0,38,26,0,33
shadow,1511,bindscope,80,80,0,38,26,0,33
shadow,1601,native,80,80,0,16,40,0,26
shadow,1601,checkout,80,80,0,80,0,0,26
shadow,1601,global_epoch,80,80,0,66,0,0,26
shadow,1601,direct,80,80,0,31,25,0,26
shadow,1601,bindscope,80,80,0,31,25,0,26
shape,1201,native,80,80,8,17,25,4,31
shape,1201,checkout,80,80,0,80,19,4,31
shape,1201,global_epoch,80,80,0,70,19,4,31
shape,1201,direct,80,80,0,50,18,4,31
shape,1201,bindscope,80,80,0,50,18,4,31
shape,1301,native,80,80,10,17,36,1,31
shape,1301,checkout,80,80,0,80,25,1,31
shape,1301,global_epoch,80,80,0,74,25,1,31
shape,1301,direct,80,80,1,56,25,1,31
shape,1301,bindscope,80,80,1,56,25,1,31
shape,1409,native,80,80,2,20,36,7,30
shape,1409,checkout,80,80,0,80,22,7,30
shape,1409,global_epoch,80,80,0,77,22,7,30
shape,1409,direct,80,80,0,55,24,7,30
shape,1409,bindscope,80,80,0,55,24,7,30
shape,1511,native,80,80,8,19,36,4,28
shape,1511,checkout,80,80,0,80,27,4,28
shape,1511,global_epoch,80,80,0,72,27,4,28
shape,1511,direct,80,80,0,57,30,4,28
shape,1511,bindscope,80,80,0,57,30,4,28
shape,1601,native,80,80,2,19,20,4,26
shape,1601,checkout,80,80,0,80,15,4,26
shape,1601,global_epoch,80,80,0,68,15,4,26
shape,1601,direct,80,80,0,53,14,4,26
shape,1601,bindscope,80,80,0,53,14,4,26
mixed,1201,native,80,80,0,18,43,5,34
mixed,1201,checkout,80,80,0,80,16,5,34
mixed,1201,global_epoch,80,80,0,68,16,5,34
mixed,1201,direct,80,80,0,57,20,5,34
mixed,1201,bindscope,80,80,0,57,20,5,34
mixed,1301,native,80,80,0,16,34,2,31
mixed,1301,checkout,80,80,0,80,8,2,31
mixed,1301,global_epoch,80,80,0,74,8,2,31
mixed,1301,direct,80,80,0,48,14,2,31
mixed,1301,bindscope,80,80,0,48,14,2,31
mixed,1409,native,80,80,0,15,56,0,31
mixed,1409,checkout,80,80,0,80,18,0,31
mixed,1409,global_epoch,80,80,0,69,18,0,31
mixed,1409,direct,80,80,0,32,40,0,31
mixed,1409,bindscope,80,80,0,32,40,0,31
mixed,1511,native,80,80,5,21,40,6,27
mixed,1511,checkout,80,80,0,80,12,6,27
mixed,1511,global_epoch,80,80,0,68,12,6,27
mixed,1511,direct,80,80,0,57,18,6,27
mixed,1511,bindscope,80,80,0,57,18,6,27
mixed,1601,native,80,80,0,16,44,0,25
mixed,1601,checkout,80,80,0,80,17,0,25
mixed,1601,global_epoch,80,80,0,64,17,0,25
mixed,1601,direct,80,80,0,41,25,0,25
mixed,1601,bindscope,80,80,0,41,25,0,25
