family,catalogs,initial_resolutions,transitions,policy,mismatches,reuse_checks
2schemas_2names,81,1568,29696,native_model,1000,29696
2schemas_2names,81,1568,29696,checkout,0,0
2schemas_2names,81,1568,29696,dependency,136,24392
2schemas_2names,81,1568,29696,global_epoch,0,9360
2schemas_2names,81,1568,29696,direct,0,23056
2schemas_2names,81,1568,29696,prefix_strict,0,22144
2schemas_2names,81,1568,29696,bindscope,0,23056
2schemas_2names,81,1568,29696,native_aware,0,26832
2schemas_2names,81,1568,29696,direct_native,0,26832
3schemas_1names,27,1164,30396,native_model,906,30396
3schemas_1names,27,1164,30396,checkout,0,0
3schemas_1names,27,1164,30396,dependency,96,26904
3schemas_1names,27,1164,30396,global_epoch,0,5304
3schemas_1names,27,1164,30396,direct,0,24000
3schemas_1names,27,1164,30396,prefix_strict,0,21852
3schemas_1names,27,1164,30396,bindscope,0,24000
3schemas_1names,27,1164,30396,native_aware,0,28086
3schemas_1names,27,1164,30396,direct_native,0,28086
