repeat,mode,policy,cache,path,deps,iterations,ns_per_op
0,clean_decide,bindscope,1024,8,1,20000,527.07005
0,clean_decide,bindscope,1024,8,4,20000,544.47435
0,clean_decide,direct,64,8,1,20000,2293.6388
0,clean_decide,direct,4096,2,1,20000,2283.82005
0,clean_decide,direct,64,2,1,20000,2310.8378
0,clean_decide,bindscope,4096,8,4,20000,597.2895
0,clean_decide,direct,4096,8,4,20000,5177.01075
0,clean_decide,bindscope,4096,2,1,20000,576.742
0,clean_decide,direct,1024,8,4,20000,4008.00235
0,clean_decide,direct,1024,2,1,20000,2095.09635
0,clean_decide,bindscope,64,2,1,20000,548.96555
0,clean_decide,direct,1024,8,1,20000,2337.155
0,clean_decide,direct,64,8,4,20000,3848.8092
0,clean_decide,bindscope,1024,2,1,20000,572.40245
0,clean_decide,bindscope,4096,8,1,20000,569.12795
0,clean_decide,direct,4096,8,1,20000,6361.8264
0,clean_decide,bindscope,64,8,4,20000,587.34695
0,clean_decide,bindscope,64,8,1,20000,593.95545
1,clean_decide,bindscope,1024,2,1,20000,572.98035
1,clean_decide,bindscope,1024,8,1,20000,695.52815
1,clean_decide,bindscope,64,2,1,20000,561.73435
1,clean_decide,direct,64,2,1,20000,2132.5148
1,clean_decide,direct,4096,2,1,20000,2280.31875
1,clean_decide,bindscope,64,8,1,20000,574.6548
1,clean_decide,bindscope,64,8,4,20000,566.15505
1,clean_decide,direct,64,8,4,20000,3872.34625
1,clean_decide,direct,4096,8,1,20000,2584.3373
1,clean_decide,direct,4096,8,4,20000,5729.5026
1,clean_decide,direct,1024,8,4,20000,4234.6614
1,clean_decide,direct,1024,2,1,20000,2132.3118
1,clean_decide,direct,1024,8,1,20000,2351.7228
1,clean_decide,bindscope,4096,8,1,20000,624.4429
1,clean_decide,direct,64,8,1,20000,2424.72035
1,clean_decide,bindscope,4096,8,4,20000,677.41625
1,clean_decide,bindscope,4096,2,1,20000,652.376
1,clean_decide,bindscope,1024,8,4,20000,570.6072
2,clean_decide,bindscope,64,2,1,20000,520.01985
2,clean_decide,direct,64,8,1,20000,2330.4442
2,clean_decide,bindscope,1024,2,1,20000,552.88595
2,clean_decide,bindscope,64,8,4,20000,560.4689
2,clean_decide,direct,64,2,1,20000,2073.86315
2,clean_decide,direct,1024,2,1,20000,2110.9581
2,clean_decide,bindscope,4096,2,1,20000,650.80665
2,clean_decide,bindscope,1024,8,1,20000,548.5409
2,clean_decide,bindscope,4096,8,4,20000,582.16215
2,clean_decide,direct,4096,2,1,20000,2621.6329
2,clean_decide,direct,1024,8,1,20000,2369.16005
2,clean_decide,bindscope,64,8,1,20000,553.9135
2,clean_decide,direct,4096,8,4,20000,5319.03605
2,clean_decide,direct,4096,8,1,20000,2691.35785
2,clean_decide,bindscope,4096,8,1,20000,652.1092
2,clean_decide,bindscope,1024,8,4,20000,580.8312
2,clean_decide,direct,1024,8,4,20000,4086.02075
2,clean_decide,direct,64,8,4,20000,3924.7074
3,clean_decide,bindscope,64,8,1,20000,538.8904
3,clean_decide,bindscope,1024,2,1,20000,564.42645
3,clean_decide,direct,4096,2,1,20000,2890.66155
3,clean_decide,direct,64,8,1,20000,2330.82055
3,clean_decide,direct,1024,2,1,20000,2180.24535
3,clean_decide,bindscope,4096,8,1,20000,627.453
3,clean_decide,bindscope,64,8,4,20000,570.65635
3,clean_decide,bindscope,4096,8,4,20000,614.20945
3,clean_decide,direct,4096,8,4,20000,5426.94595
3,clean_decide,direct,4096,8,1,20000,2747.60245
3,clean_decide,direct,1024,8,1,20000,2431.0815
3,clean_decide,direct,64,2,1,20000,2207.5143
3,clean_decide,bindscope,1024,8,4,20000,564.508
3,clean_decide,bindscope,1024,8,1,20000,541.03355
3,clean_decide,direct,64,8,4,20000,3823.2023
3,clean_decide,bindscope,64,2,1,20000,524.0054
3,clean_decide,direct,1024,8,4,20000,4826.3197
3,clean_decide,bindscope,4096,2,1,20000,617.95665
4,clean_decide,bindscope,1024,2,1,20000,543.5018
4,clean_decide,bindscope,64,8,1,20000,533.14265
4,clean_decide,direct,4096,8,4,20000,6294.2937
4,clean_decide,direct,64,2,1,20000,2166.9005
4,clean_decide,direct,4096,2,1,20000,2451.4407
4,clean_decide,direct,1024,8,4,20000,4182.0401
4,clean_decide,bindscope,4096,8,1,20000,595.26285
4,clean_decide,direct,1024,8,1,20000,2699.4919
4,clean_decide,bindscope,64,2,1,20000,574.20065
4,clean_decide,direct,64,8,1,20000,2397.916
4,clean_decide,bindscope,1024,8,1,20000,550.60205
4,clean_decide,bindscope,64,8,4,20000,573.40545
4,clean_decide,bindscope,4096,8,4,20000,607.94205
4,clean_decide,bindscope,1024,8,4,20000,620.2771
4,clean_decide,direct,1024,2,1,20000,2182.2031
4,clean_decide,direct,4096,8,1,20000,2763.46235
4,clean_decide,bindscope,4096,2,1,20000,684.7604
4,clean_decide,direct,64,8,4,20000,3828.24395
5,clean_decide,direct,1024,8,1,20000,2479.62675
5,clean_decide,direct,1024,2,1,20000,2322.40055
5,clean_decide,bindscope,64,8,4,20000,570.5496
5,clean_decide,bindscope,1024,8,4,20000,557.53895
5,clean_decide,direct,64,8,1,20000,2777.24845
5,clean_decide,direct,64,2,1,20000,2293.9211
5,clean_decide,direct,4096,8,1,20000,3075.07795
5,clean_decide,direct,1024,8,4,20000,5413.11805
5,clean_decide,direct,4096,2,1,20000,3335.48815
5,clean_decide,bindscope,4096,2,1,20000,688.6908
5,clean_decide,direct,4096,8,4,20000,5444.74725
5,clean_decide,bindscope,1024,2,1,20000,588.8983
5,clean_decide,direct,64,8,4,20000,3921.06245
5,clean_decide,bindscope,1024,8,1,20000,561.0873
5,clean_decide,bindscope,64,2,1,20000,575.09545
5,clean_decide,bindscope,4096,8,1,20000,584.54275
5,clean_decide,bindscope,4096,8,4,20000,650.86625
5,clean_decide,bindscope,64,8,1,20000,538.7241
6,clean_decide,direct,4096,2,1,20000,2415.8926
6,clean_decide,bindscope,1024,2,1,20000,571.23415
6,clean_decide,direct,4096,8,4,20000,5464.77795
6,clean_decide,direct,4096,8,1,20000,2524.29415
6,clean_decide,bindscope,1024,8,1,20000,548.3927
6,clean_decide,direct,64,2,1,20000,2067.61675
6,clean_decide,direct,64,8,4,20000,3785.9587
6,clean_decide,bindscope,4096,2,1,20000,610.68665
6,clean_decide,direct,64,8,1,20000,2299.12845
6,clean_decide,bindscope,64,8,4,20000,550.8083
6,clean_decide,bindscope,4096,8,1,20000,676.76885
6,clean_decide,direct,1024,8,4,20000,3997.2819
6,clean_decide,bindscope,64,2,1,20000,525.29985
6,clean_decide,direct,1024,8,1,20000,2363.6052
6,clean_decide,bindscope,4096,8,4,20000,679.76735
6,clean_decide,bindscope,64,8,1,20000,526.75705
6,clean_decide,bindscope,1024,8,4,20000,540.315
6,clean_decide,direct,1024,2,1,20000,2061.0989
0,irrelevant_event,bindscope,64,8,1,200,1018.235
1,irrelevant_event,bindscope,64,8,1,200,1124.145
2,irrelevant_event,bindscope,64,8,1,200,1113.48
3,irrelevant_event,bindscope,64,8,1,200,992.85
4,irrelevant_event,bindscope,64,8,1,200,980.83
5,irrelevant_event,bindscope,64,8,1,200,989.14
6,irrelevant_event,bindscope,64,8,1,200,1046.075
0,all_watchers_event,bindscope,64,8,1,200,5200.495
1,all_watchers_event,bindscope,64,8,1,200,5497.64
2,all_watchers_event,bindscope,64,8,1,200,5231.045
3,all_watchers_event,bindscope,64,8,1,200,5161.135
4,all_watchers_event,bindscope,64,8,1,200,5387.375
5,all_watchers_event,bindscope,64,8,1,200,5731.895
6,all_watchers_event,bindscope,64,8,1,200,5156.53
0,irrelevant_event,bindscope,1024,8,1,200,1276.225
1,irrelevant_event,bindscope,1024,8,1,200,959.75
2,irrelevant_event,bindscope,1024,8,1,200,992.145
3,irrelevant_event,bindscope,1024,8,1,200,977.625
4,irrelevant_event,bindscope,1024,8,1,200,1182.385
5,irrelevant_event,bindscope,1024,8,1,200,1061.25
6,irrelevant_event,bindscope,1024,8,1,200,966.555
0,all_watchers_event,bindscope,1024,8,1,200,82946.365
1,all_watchers_event,bindscope,1024,8,1,200,70733.195
2,all_watchers_event,bindscope,1024,8,1,200,70437.595
3,all_watchers_event,bindscope,1024,8,1,200,70289.825
4,all_watchers_event,bindscope,1024,8,1,200,72239.615
5,all_watchers_event,bindscope,1024,8,1,200,70349.715
6,all_watchers_event,bindscope,1024,8,1,200,72569.865
0,irrelevant_event,bindscope,4096,8,1,200,997.25
1,irrelevant_event,bindscope,4096,8,1,200,985.385
2,irrelevant_event,bindscope,4096,8,1,200,984.835
3,irrelevant_event,bindscope,4096,8,1,200,983.585
4,irrelevant_event,bindscope,4096,8,1,200,1042.17
5,irrelevant_event,bindscope,4096,8,1,200,1000.61
6,irrelevant_event,bindscope,4096,8,1,200,972.815
0,all_watchers_event,bindscope,4096,8,1,200,404343.95
1,all_watchers_event,bindscope,4096,8,1,200,388005.06
2,all_watchers_event,bindscope,4096,8,1,200,389367.66
3,all_watchers_event,bindscope,4096,8,1,200,408754.305
4,all_watchers_event,bindscope,4096,8,1,200,391301.33
5,all_watchers_event,bindscope,4096,8,1,200,402761.365
6,all_watchers_event,bindscope,4096,8,1,200,379631.73
