profile,seed,policy,executions,mismatches,existing,prepares,native_sufficient_prepares,resolutions,errors
stable,101,native_model,2000,0,1976,24,0,24,0
stable,101,checkout,2000,0,1976,2000,1976,2000,0
stable,101,dependency,2000,0,1976,24,0,24,0
stable,101,global_epoch,2000,0,1976,24,0,24,0
stable,101,direct,2000,0,1976,24,0,2000,0
stable,101,prefix_strict,2000,0,1976,24,0,24,0
stable,101,bindscope,2000,0,1976,24,0,24,0
stable,101,native_aware,2000,0,1976,24,0,24,0
stable,101,direct_native,2000,0,1976,24,0,2000,0
stable,211,native_model,2000,0,1976,24,0,24,0
stable,211,checkout,2000,0,1976,2000,1976,2000,0
stable,211,dependency,2000,0,1976,24,0,24,0
stable,211,global_epoch,2000,0,1976,24,0,24,0
stable,211,direct,2000,0,1976,24,0,2000,0
stable,211,prefix_strict,2000,0,1976,24,0,24,0
stable,211,bindscope,2000,0,1976,24,0,24,0
stable,211,native_aware,2000,0,1976,24,0,24,0
stable,211,direct_native,2000,0,1976,24,0,2000,0
stable,307,native_model,2000,0,1976,24,0,24,0
stable,307,checkout,2000,0,1976,2000,1976,2000,0
stable,307,dependency,2000,0,1976,24,0,24,0
stable,307,global_epoch,2000,0,1976,24,0,24,0
stable,307,direct,2000,0,1976,24,0,2000,0
stable,307,prefix_strict,2000,0,1976,24,0,24,0
stable,307,bindscope,2000,0,1976,24,0,24,0
stable,307,native_aware,2000,0,1976,24,0,24,0
stable,307,direct_native,2000,0,1976,24,0,2000,0
stable,401,native_model,2000,0,1976,24,0,24,0
stable,401,checkout,2000,0,1976,2000,1976,2000,0
stable,401,dependency,2000,0,1976,24,0,24,0
stable,401,global_epoch,2000,0,1976,24,0,24,0
stable,401,direct,2000,0,1976,24,0,2000,0
stable,401,prefix_strict,2000,0,1976,24,0,24,0
stable,401,bindscope,2000,0,1976,24,0,24,0
stable,401,native_aware,2000,0,1976,24,0,24,0
stable,401,direct_native,2000,0,1976,24,0,2000,0
stable,503,native_model,2000,0,1976,24,0,24,0
stable,503,checkout,2000,0,1976,2000,1976,2000,0
stable,503,dependency,2000,0,1976,24,0,24,0
stable,503,global_epoch,2000,0,1976,24,0,24,0
stable,503,direct,2000,0,1976,24,0,2000,0
stable,503,prefix_strict,2000,0,1976,24,0,24,0
stable,503,bindscope,2000,0,1976,24,0,24,0
stable,503,native_aware,2000,0,1976,24,0,24,0
stable,503,direct_native,2000,0,1976,24,0,2000,0
stable,601,native_model,2000,0,1976,24,0,24,0
stable,601,checkout,2000,0,1976,2000,1976,2000,0
stable,601,dependency,2000,0,1976,24,0,24,0
stable,601,global_epoch,2000,0,1976,24,0,24,0
stable,601,direct,2000,0,1976,24,0,2000,0
stable,601,prefix_strict,2000,0,1976,24,0,24,0
stable,601,bindscope,2000,0,1976,24,0,24,0
stable,601,native_aware,2000,0,1976,24,0,24,0
stable,601,direct_native,2000,0,1976,24,0,2000,0
stable,701,native_model,2000,0,1976,24,0,24,0
stable,701,checkout,2000,0,1976,2000,1976,2000,0
stable,701,dependency,2000,0,1976,24,0,24,0
stable,701,global_epoch,2000,0,1976,24,0,24,0
stable,701,direct,2000,0,1976,24,0,2000,0
stable,701,prefix_strict,2000,0,1976,24,0,24,0
stable,701,bindscope,2000,0,1976,24,0,24,0
stable,701,native_aware,2000,0,1976,24,0,24,0
stable,701,direct_native,2000,0,1976,24,0,2000,0
stable,809,native_model,2000,0,1976,24,0,24,0
stable,809,checkout,2000,0,1976,2000,1976,2000,0
stable,809,dependency,2000,0,1976,24,0,24,0
stable,809,global_epoch,2000,0,1976,24,0,24,0
stable,809,direct,2000,0,1976,24,0,2000,0
stable,809,prefix_strict,2000,0,1976,24,0,24,0
stable,809,bindscope,2000,0,1976,24,0,24,0
stable,809,native_aware,2000,0,1976,24,0,24,0
stable,809,direct_native,2000,0,1976,24,0,2000,0
sparse_ddl,101,native_model,2000,347,1971,29,0,29,5
sparse_ddl,101,checkout,2000,0,1976,2000,1946,2000,0
sparse_ddl,101,dependency,2000,342,1976,122,93,122,0
sparse_ddl,101,global_epoch,2000,0,1976,728,674,728,0
sparse_ddl,101,direct,2000,0,1976,138,84,2000,0
sparse_ddl,101,prefix_strict,2000,0,1976,140,86,140,0
sparse_ddl,101,bindscope,2000,0,1976,138,84,140,0
sparse_ddl,101,native_aware,2000,0,1976,54,0,140,0
sparse_ddl,101,direct_native,2000,0,1976,54,0,2000,0
sparse_ddl,211,native_model,2000,186,1974,26,0,26,2
sparse_ddl,211,checkout,2000,0,1976,2000,1957,2000,0
sparse_ddl,211,dependency,2000,184,1976,93,67,93,0
sparse_ddl,211,global_epoch,2000,0,1976,700,657,700,0
sparse_ddl,211,direct,2000,0,1976,108,65,2000,0
sparse_ddl,211,prefix_strict,2000,0,1976,108,65,108,0
sparse_ddl,211,bindscope,2000,0,1976,108,65,108,0
sparse_ddl,211,native_aware,2000,0,1976,43,0,108,0
sparse_ddl,211,direct_native,2000,0,1976,43,0,2000,0
sparse_ddl,307,native_model,2000,156,1972,28,0,28,4
sparse_ddl,307,checkout,2000,0,1976,2000,1951,2000,0
sparse_ddl,307,dependency,2000,152,1976,100,72,100,0
sparse_ddl,307,global_epoch,2000,0,1976,572,523,572,0
sparse_ddl,307,direct,2000,0,1976,118,69,2000,0
sparse_ddl,307,prefix_strict,2000,0,1976,119,70,119,0
sparse_ddl,307,bindscope,2000,0,1976,118,69,119,0
sparse_ddl,307,native_aware,2000,0,1976,49,0,119,0
sparse_ddl,307,direct_native,2000,0,1976,49,0,2000,0
sparse_ddl,401,native_model,2000,420,1970,30,0,30,6
sparse_ddl,401,checkout,2000,0,1976,2000,1939,2000,0
sparse_ddl,401,dependency,2000,414,1976,102,72,102,0
sparse_ddl,401,global_epoch,2000,0,1976,678,617,678,0
sparse_ddl,401,direct,2000,0,1976,117,56,2000,0
sparse_ddl,401,prefix_strict,2000,0,1976,117,56,117,0
sparse_ddl,401,bindscope,2000,0,1976,117,56,117,0
sparse_ddl,401,native_aware,2000,0,1976,61,0,117,0
sparse_ddl,401,direct_native,2000,0,1976,61,0,2000,0
sparse_ddl,503,native_model,2000,470,1974,26,0,26,2
sparse_ddl,503,checkout,2000,0,1976,2000,1949,2000,0
sparse_ddl,503,dependency,2000,468,1976,81,55,81,0
sparse_ddl,503,global_epoch,2000,0,1976,705,654,705,0
sparse_ddl,503,direct,2000,0,1976,112,61,2000,0
sparse_ddl,503,prefix_strict,2000,0,1976,112,61,112,0
sparse_ddl,503,bindscope,2000,0,1976,112,61,112,0
sparse_ddl,503,native_aware,2000,0,1976,53,2,112,0
sparse_ddl,503,direct_native,2000,0,1976,53,2,2000,0
sparse_ddl,601,native_model,2000,325,1976,24,0,24,0
sparse_ddl,601,checkout,2000,0,1976,2000,1943,2000,0
sparse_ddl,601,dependency,2000,325,1976,74,50,74,0
sparse_ddl,601,global_epoch,2000,0,1976,603,546,603,0
sparse_ddl,601,direct,2000,0,1976,118,61,2000,0
sparse_ddl,601,prefix_strict,2000,0,1976,119,62,119,0
sparse_ddl,601,bindscope,2000,0,1976,118,61,119,0
sparse_ddl,601,native_aware,2000,0,1976,59,2,119,0
sparse_ddl,601,direct_native,2000,0,1976,59,2,2000,0
sparse_ddl,701,native_model,2000,285,1972,28,0,28,4
sparse_ddl,701,checkout,2000,0,1976,2000,1944,2000,0
sparse_ddl,701,dependency,2000,283,1974,109,81,109,2
sparse_ddl,701,global_epoch,2000,0,1976,633,577,633,0
sparse_ddl,701,direct,2000,0,1976,130,74,2000,0
sparse_ddl,701,prefix_strict,2000,0,1976,131,75,131,0
sparse_ddl,701,bindscope,2000,0,1976,130,74,131,0
sparse_ddl,701,native_aware,2000,0,1976,61,5,131,0
sparse_ddl,701,direct_native,2000,0,1976,61,5,2000,0
sparse_ddl,809,native_model,2000,272,1976,24,0,24,0
sparse_ddl,809,checkout,2000,0,1976,2000,1952,2000,0
sparse_ddl,809,dependency,2000,272,1976,80,56,80,0
sparse_ddl,809,global_epoch,2000,0,1976,666,618,666,0
sparse_ddl,809,direct,2000,0,1976,112,64,2000,0
sparse_ddl,809,prefix_strict,2000,0,1976,113,65,113,0
sparse_ddl,809,bindscope,2000,0,1976,112,64,113,0
sparse_ddl,809,native_aware,2000,0,1976,48,0,113,0
sparse_ddl,809,direct_native,2000,0,1976,48,0,2000,0
shadow_heavy,101,native_model,2000,212,1952,48,0,48,24
shadow_heavy,101,checkout,2000,0,1976,2000,1847,2000,0
shadow_heavy,101,dependency,2000,192,1973,719,666,719,3
shadow_heavy,101,global_epoch,2000,0,1976,1846,1693,1846,0
shadow_heavy,101,direct,2000,0,1976,835,682,2000,0
shadow_heavy,101,prefix_strict,2000,0,1976,855,702,855,0
shadow_heavy,101,bindscope,2000,0,1976,835,682,855,0
shadow_heavy,101,native_aware,2000,0,1976,170,17,855,0
shadow_heavy,101,direct_native,2000,0,1976,170,17,2000,0
shadow_heavy,211,native_model,2000,229,1954,46,0,46,22
shadow_heavy,211,checkout,2000,0,1976,2000,1837,2000,0
shadow_heavy,211,dependency,2000,212,1971,712,664,712,5
shadow_heavy,211,global_epoch,2000,0,1976,1878,1715,1878,0
shadow_heavy,211,direct,2000,0,1976,872,709,2000,0
shadow_heavy,211,prefix_strict,2000,0,1976,900,737,900,0
shadow_heavy,211,bindscope,2000,0,1976,872,709,900,0
shadow_heavy,211,native_aware,2000,0,1976,196,33,900,0
shadow_heavy,211,direct_native,2000,0,1976,196,33,2000,0
shadow_heavy,307,native_model,2000,237,1952,48,0,48,24
shadow_heavy,307,checkout,2000,0,1976,2000,1834,2000,0
shadow_heavy,307,dependency,2000,217,1972,768,714,768,4
shadow_heavy,307,global_epoch,2000,0,1976,1851,1685,1851,0
shadow_heavy,307,direct,2000,0,1976,926,760,2000,0
shadow_heavy,307,prefix_strict,2000,0,1976,969,803,969,0
shadow_heavy,307,bindscope,2000,0,1976,926,760,969,0
shadow_heavy,307,native_aware,2000,0,1976,193,27,969,0
shadow_heavy,307,direct_native,2000,0,1976,193,27,2000,0
shadow_heavy,401,native_model,2000,252,1952,48,0,48,24
shadow_heavy,401,checkout,2000,0,1976,2000,1823,2000,0
shadow_heavy,401,dependency,2000,234,1971,675,622,675,5
shadow_heavy,401,global_epoch,2000,0,1976,1837,1660,1837,0
shadow_heavy,401,direct,2000,0,1976,838,661,2000,0
shadow_heavy,401,prefix_strict,2000,0,1976,867,690,867,0
shadow_heavy,401,bindscope,2000,0,1976,838,661,867,0
shadow_heavy,401,native_aware,2000,0,1976,206,29,867,0
shadow_heavy,401,direct_native,2000,0,1976,206,29,2000,0
shadow_heavy,503,native_model,2000,211,1951,49,0,49,25
shadow_heavy,503,checkout,2000,0,1976,2000,1836,2000,0
shadow_heavy,503,dependency,2000,194,1972,746,692,746,4
shadow_heavy,503,global_epoch,2000,0,1976,1868,1704,1868,0
shadow_heavy,503,direct,2000,0,1976,874,710,2000,0
shadow_heavy,503,prefix_strict,2000,0,1976,902,738,902,0
shadow_heavy,503,bindscope,2000,0,1976,874,710,902,0
shadow_heavy,503,native_aware,2000,0,1976,188,24,902,0
shadow_heavy,503,direct_native,2000,0,1976,188,24,2000,0
shadow_heavy,601,native_model,2000,232,1951,49,0,49,25
shadow_heavy,601,checkout,2000,0,1976,2000,1837,2000,0
shadow_heavy,601,dependency,2000,223,1970,715,663,715,6
shadow_heavy,601,global_epoch,2000,0,1976,1854,1691,1854,0
shadow_heavy,601,direct,2000,0,1976,859,696,2000,0
shadow_heavy,601,prefix_strict,2000,0,1976,882,719,882,0
shadow_heavy,601,bindscope,2000,0,1976,859,696,882,0
shadow_heavy,601,native_aware,2000,0,1976,185,22,882,0
shadow_heavy,601,direct_native,2000,0,1976,185,22,2000,0
shadow_heavy,701,native_model,2000,205,1948,52,0,52,28
shadow_heavy,701,checkout,2000,0,1976,2000,1844,2000,0
shadow_heavy,701,dependency,2000,184,1971,710,653,710,5
shadow_heavy,701,global_epoch,2000,0,1976,1844,1688,1844,0
shadow_heavy,701,direct,2000,0,1976,837,681,2000,0
shadow_heavy,701,prefix_strict,2000,0,1976,864,708,864,0
shadow_heavy,701,bindscope,2000,0,1976,837,681,864,0
shadow_heavy,701,native_aware,2000,0,1976,177,21,864,0
shadow_heavy,701,direct_native,2000,0,1976,177,21,2000,0
shadow_heavy,809,native_model,2000,200,1952,48,0,48,24
shadow_heavy,809,checkout,2000,0,1976,2000,1829,2000,0
shadow_heavy,809,dependency,2000,177,1973,754,698,754,3
shadow_heavy,809,global_epoch,2000,0,1976,1870,1699,1870,0
shadow_heavy,809,direct,2000,0,1976,895,724,2000,0
shadow_heavy,809,prefix_strict,2000,0,1976,923,752,923,0
shadow_heavy,809,bindscope,2000,0,1976,895,724,923,0
shadow_heavy,809,native_aware,2000,0,1976,190,19,923,0
shadow_heavy,809,direct_native,2000,0,1976,190,19,2000,0
path_churn,101,native_model,2000,0,1976,24,0,24,0
path_churn,101,checkout,2000,0,1976,2000,1976,2000,0
path_churn,101,dependency,2000,0,1976,24,0,24,0
path_churn,101,global_epoch,2000,0,1976,1769,1745,1769,0
path_churn,101,direct,2000,0,1976,655,631,2000,0
path_churn,101,prefix_strict,2000,0,1976,1621,1597,1621,0
path_churn,101,bindscope,2000,0,1976,655,631,1621,0
path_churn,101,native_aware,2000,0,1976,24,0,1621,0
path_churn,101,direct_native,2000,0,1976,24,0,2000,0
path_churn,211,native_model,2000,0,1976,24,0,24,0
path_churn,211,checkout,2000,0,1976,2000,1976,2000,0
path_churn,211,dependency,2000,0,1976,24,0,24,0
path_churn,211,global_epoch,2000,0,1976,1780,1756,1780,0
path_churn,211,direct,2000,0,1976,622,598,2000,0
path_churn,211,prefix_strict,2000,0,1976,1618,1594,1618,0
path_churn,211,bindscope,2000,0,1976,622,598,1618,0
path_churn,211,native_aware,2000,0,1976,24,0,1618,0
path_churn,211,direct_native,2000,0,1976,24,0,2000,0
path_churn,307,native_model,2000,0,1976,24,0,24,0
path_churn,307,checkout,2000,0,1976,2000,1976,2000,0
path_churn,307,dependency,2000,0,1976,24,0,24,0
path_churn,307,global_epoch,2000,0,1976,1748,1724,1748,0
path_churn,307,direct,2000,0,1976,664,640,2000,0
path_churn,307,prefix_strict,2000,0,1976,1604,1580,1604,0
path_churn,307,bindscope,2000,0,1976,664,640,1604,0
path_churn,307,native_aware,2000,0,1976,24,0,1604,0
path_churn,307,direct_native,2000,0,1976,24,0,2000,0
path_churn,401,native_model,2000,0,1976,24,0,24,0
path_churn,401,checkout,2000,0,1976,2000,1976,2000,0
path_churn,401,dependency,2000,0,1976,24,0,24,0
path_churn,401,global_epoch,2000,0,1976,1755,1731,1755,0
path_churn,401,direct,2000,0,1976,640,616,2000,0
path_churn,401,prefix_strict,2000,0,1976,1617,1593,1617,0
path_churn,401,bindscope,2000,0,1976,640,616,1617,0
path_churn,401,native_aware,2000,0,1976,24,0,1617,0
path_churn,401,direct_native,2000,0,1976,24,0,2000,0
path_churn,503,native_model,2000,0,1976,24,0,24,0
path_churn,503,checkout,2000,0,1976,2000,1976,2000,0
path_churn,503,dependency,2000,0,1976,24,0,24,0
path_churn,503,global_epoch,2000,0,1976,1778,1754,1778,0
path_churn,503,direct,2000,0,1976,614,590,2000,0
path_churn,503,prefix_strict,2000,0,1976,1626,1602,1626,0
path_churn,503,bindscope,2000,0,1976,614,590,1626,0
path_churn,503,native_aware,2000,0,1976,24,0,1626,0
path_churn,503,direct_native,2000,0,1976,24,0,2000,0
path_churn,601,native_model,2000,0,1976,24,0,24,0
path_churn,601,checkout,2000,0,1976,2000,1976,2000,0
path_churn,601,dependency,2000,0,1976,24,0,24,0
path_churn,601,global_epoch,2000,0,1976,1796,1772,1796,0
path_churn,601,direct,2000,0,1976,645,621,2000,0
path_churn,601,prefix_strict,2000,0,1976,1646,1622,1646,0
path_churn,601,bindscope,2000,0,1976,645,621,1646,0
path_churn,601,native_aware,2000,0,1976,24,0,1646,0
path_churn,601,direct_native,2000,0,1976,24,0,2000,0
path_churn,701,native_model,2000,0,1976,24,0,24,0
path_churn,701,checkout,2000,0,1976,2000,1976,2000,0
path_churn,701,dependency,2000,0,1976,24,0,24,0
path_churn,701,global_epoch,2000,0,1976,1770,1746,1770,0
path_churn,701,direct,2000,0,1976,629,605,2000,0
path_churn,701,prefix_strict,2000,0,1976,1619,1595,1619,0
path_churn,701,bindscope,2000,0,1976,629,605,1619,0
path_churn,701,native_aware,2000,0,1976,24,0,1619,0
path_churn,701,direct_native,2000,0,1976,24,0,2000,0
path_churn,809,native_model,2000,0,1976,24,0,24,0
path_churn,809,checkout,2000,0,1976,2000,1976,2000,0
path_churn,809,dependency,2000,0,1976,24,0,24,0
path_churn,809,global_epoch,2000,0,1976,1800,1776,1800,0
path_churn,809,direct,2000,0,1976,605,581,2000,0
path_churn,809,prefix_strict,2000,0,1976,1638,1614,1638,0
path_churn,809,bindscope,2000,0,1976,605,581,1638,0
path_churn,809,native_aware,2000,0,1976,24,0,1638,0
path_churn,809,direct_native,2000,0,1976,24,0,2000,0
cancel_pairs,101,native_model,2000,0,1976,24,0,24,0
cancel_pairs,101,checkout,2000,0,1976,2000,1976,2000,0
cancel_pairs,101,dependency,2000,0,1976,24,0,24,0
cancel_pairs,101,global_epoch,2000,0,1976,1842,1818,1842,0
cancel_pairs,101,direct,2000,0,1976,24,0,2000,0
cancel_pairs,101,prefix_strict,2000,0,1976,1074,1050,1074,0
cancel_pairs,101,bindscope,2000,0,1976,24,0,1074,0
cancel_pairs,101,native_aware,2000,0,1976,24,0,1074,0
cancel_pairs,101,direct_native,2000,0,1976,24,0,2000,0
cancel_pairs,211,native_model,2000,0,1976,24,0,24,0
cancel_pairs,211,checkout,2000,0,1976,2000,1976,2000,0
cancel_pairs,211,dependency,2000,0,1976,24,0,24,0
cancel_pairs,211,global_epoch,2000,0,1976,1859,1835,1859,0
cancel_pairs,211,direct,2000,0,1976,24,0,2000,0
cancel_pairs,211,prefix_strict,2000,0,1976,1025,1001,1025,0
cancel_pairs,211,bindscope,2000,0,1976,24,0,1025,0
cancel_pairs,211,native_aware,2000,0,1976,24,0,1025,0
cancel_pairs,211,direct_native,2000,0,1976,24,0,2000,0
cancel_pairs,307,native_model,2000,0,1976,24,0,24,0
cancel_pairs,307,checkout,2000,0,1976,2000,1976,2000,0
cancel_pairs,307,dependency,2000,0,1976,24,0,24,0
cancel_pairs,307,global_epoch,2000,0,1976,1842,1818,1842,0
cancel_pairs,307,direct,2000,0,1976,24,0,2000,0
cancel_pairs,307,prefix_strict,2000,0,1976,1006,982,1006,0
cancel_pairs,307,bindscope,2000,0,1976,24,0,1006,0
cancel_pairs,307,native_aware,2000,0,1976,24,0,1006,0
cancel_pairs,307,direct_native,2000,0,1976,24,0,2000,0
cancel_pairs,401,native_model,2000,0,1976,24,0,24,0
cancel_pairs,401,checkout,2000,0,1976,2000,1976,2000,0
cancel_pairs,401,dependency,2000,0,1976,24,0,24,0
cancel_pairs,401,global_epoch,2000,0,1976,1840,1816,1840,0
cancel_pairs,401,direct,2000,0,1976,24,0,2000,0
cancel_pairs,401,prefix_strict,2000,0,1976,1062,1038,1062,0
cancel_pairs,401,bindscope,2000,0,1976,24,0,1062,0
cancel_pairs,401,native_aware,2000,0,1976,24,0,1062,0
cancel_pairs,401,direct_native,2000,0,1976,24,0,2000,0
cancel_pairs,503,native_model,2000,0,1976,24,0,24,0
cancel_pairs,503,checkout,2000,0,1976,2000,1976,2000,0
cancel_pairs,503,dependency,2000,0,1976,24,0,24,0
cancel_pairs,503,global_epoch,2000,0,1976,1841,1817,1841,0
cancel_pairs,503,direct,2000,0,1976,24,0,2000,0
cancel_pairs,503,prefix_strict,2000,0,1976,1053,1029,1053,0
cancel_pairs,503,bindscope,2000,0,1976,24,0,1053,0
cancel_pairs,503,native_aware,2000,0,1976,24,0,1053,0
cancel_pairs,503,direct_native,2000,0,1976,24,0,2000,0
cancel_pairs,601,native_model,2000,0,1976,24,0,24,0
cancel_pairs,601,checkout,2000,0,1976,2000,1976,2000,0
cancel_pairs,601,dependency,2000,0,1976,24,0,24,0
cancel_pairs,601,global_epoch,2000,0,1976,1855,1831,1855,0
cancel_pairs,601,direct,2000,0,1976,24,0,2000,0
cancel_pairs,601,prefix_strict,2000,0,1976,1030,1006,1030,0
cancel_pairs,601,bindscope,2000,0,1976,24,0,1030,0
cancel_pairs,601,native_aware,2000,0,1976,24,0,1030,0
cancel_pairs,601,direct_native,2000,0,1976,24,0,2000,0
cancel_pairs,701,native_model,2000,0,1976,24,0,24,0
cancel_pairs,701,checkout,2000,0,1976,2000,1976,2000,0
cancel_pairs,701,dependency,2000,0,1976,24,0,24,0
cancel_pairs,701,global_epoch,2000,0,1976,1841,1817,1841,0
cancel_pairs,701,direct,2000,0,1976,24,0,2000,0
cancel_pairs,701,prefix_strict,2000,0,1976,1038,1014,1038,0
cancel_pairs,701,bindscope,2000,0,1976,24,0,1038,0
cancel_pairs,701,native_aware,2000,0,1976,24,0,1038,0
cancel_pairs,701,direct_native,2000,0,1976,24,0,2000,0
cancel_pairs,809,native_model,2000,0,1976,24,0,24,0
cancel_pairs,809,checkout,2000,0,1976,2000,1976,2000,0
cancel_pairs,809,dependency,2000,0,1976,24,0,24,0
cancel_pairs,809,global_epoch,2000,0,1976,1858,1834,1858,0
cancel_pairs,809,direct,2000,0,1976,24,0,2000,0
cancel_pairs,809,prefix_strict,2000,0,1976,1038,1014,1038,0
cancel_pairs,809,bindscope,2000,0,1976,24,0,1038,0
cancel_pairs,809,native_aware,2000,0,1976,24,0,1038,0
cancel_pairs,809,direct_native,2000,0,1976,24,0,2000,0
namespace_churn,101,native_model,2000,1157,1976,24,0,24,0
namespace_churn,101,checkout,2000,0,1976,2000,1833,2000,0
namespace_churn,101,dependency,2000,26,1976,1312,1154,1312,0
namespace_churn,101,global_epoch,2000,0,1976,1779,1612,1779,0
namespace_churn,101,direct,2000,0,1976,1336,1169,2000,0
namespace_churn,101,prefix_strict,2000,0,1976,1406,1239,1406,0
namespace_churn,101,bindscope,2000,0,1976,1336,1169,1406,0
namespace_churn,101,native_aware,2000,0,1976,1318,1151,1406,0
namespace_churn,101,direct_native,2000,0,1976,1318,1151,2000,0
namespace_churn,211,native_model,2000,945,1976,24,0,24,0
namespace_churn,211,checkout,2000,0,1976,2000,1811,2000,0
namespace_churn,211,dependency,2000,25,1976,1398,1220,1398,0
namespace_churn,211,global_epoch,2000,0,1976,1796,1607,1796,0
namespace_churn,211,direct,2000,0,1976,1422,1233,2000,0
namespace_churn,211,prefix_strict,2000,0,1976,1533,1344,1533,0
namespace_churn,211,bindscope,2000,0,1976,1422,1233,1533,0
namespace_churn,211,native_aware,2000,0,1976,1386,1197,1533,0
namespace_churn,211,direct_native,2000,0,1976,1386,1197,2000,0
namespace_churn,307,native_model,2000,1143,1976,24,0,24,0
namespace_churn,307,checkout,2000,0,1976,2000,1826,2000,0
namespace_churn,307,dependency,2000,21,1976,1407,1239,1407,0
namespace_churn,307,global_epoch,2000,0,1976,1768,1594,1768,0
namespace_churn,307,direct,2000,0,1976,1420,1246,2000,0
namespace_churn,307,prefix_strict,2000,0,1976,1487,1313,1487,0
namespace_churn,307,bindscope,2000,0,1976,1420,1246,1487,0
namespace_churn,307,native_aware,2000,0,1976,1395,1221,1487,0
namespace_churn,307,direct_native,2000,0,1976,1395,1221,2000,0
namespace_churn,401,native_model,2000,1119,1976,24,0,24,0
namespace_churn,401,checkout,2000,0,1976,2000,1832,2000,0
namespace_churn,401,dependency,2000,25,1976,1369,1208,1369,0
namespace_churn,401,global_epoch,2000,0,1976,1755,1587,1755,0
namespace_churn,401,direct,2000,0,1976,1391,1223,2000,0
namespace_churn,401,prefix_strict,2000,0,1976,1463,1295,1463,0
namespace_churn,401,bindscope,2000,0,1976,1391,1223,1463,0
namespace_churn,401,native_aware,2000,0,1976,1363,1195,1463,0
namespace_churn,401,direct_native,2000,0,1976,1363,1195,2000,0
namespace_churn,503,native_model,2000,951,1976,24,0,24,0
namespace_churn,503,checkout,2000,0,1976,2000,1824,2000,0
namespace_churn,503,dependency,2000,37,1976,1359,1195,1359,0
namespace_churn,503,global_epoch,2000,0,1976,1767,1591,1767,0
namespace_churn,503,direct,2000,0,1976,1388,1212,2000,0
namespace_churn,503,prefix_strict,2000,0,1976,1471,1295,1471,0
namespace_churn,503,bindscope,2000,0,1976,1388,1212,1471,0
namespace_churn,503,native_aware,2000,0,1976,1358,1182,1471,0
namespace_churn,503,direct_native,2000,0,1976,1358,1182,2000,0
namespace_churn,601,native_model,2000,922,1976,24,0,24,0
namespace_churn,601,checkout,2000,0,1976,2000,1815,2000,0
namespace_churn,601,dependency,2000,36,1976,1425,1256,1425,0
namespace_churn,601,global_epoch,2000,0,1976,1788,1603,1788,0
namespace_churn,601,direct,2000,0,1976,1454,1269,2000,0
namespace_churn,601,prefix_strict,2000,0,1976,1523,1338,1523,0
namespace_churn,601,bindscope,2000,0,1976,1454,1269,1523,0
namespace_churn,601,native_aware,2000,0,1976,1414,1229,1523,0
namespace_churn,601,direct_native,2000,0,1976,1414,1229,2000,0
namespace_churn,701,native_model,2000,864,1976,24,0,24,0
namespace_churn,701,checkout,2000,0,1976,2000,1800,2000,0
namespace_churn,701,dependency,2000,37,1976,1375,1186,1375,0
namespace_churn,701,global_epoch,2000,0,1976,1786,1586,1786,0
namespace_churn,701,direct,2000,0,1976,1400,1200,2000,0
namespace_churn,701,prefix_strict,2000,0,1976,1496,1296,1496,0
namespace_churn,701,bindscope,2000,0,1976,1400,1200,1496,0
namespace_churn,701,native_aware,2000,0,1976,1368,1168,1496,0
namespace_churn,701,direct_native,2000,0,1976,1368,1168,2000,0
namespace_churn,809,native_model,2000,1111,1976,24,0,24,0
namespace_churn,809,checkout,2000,0,1976,2000,1855,2000,0
namespace_churn,809,dependency,2000,19,1976,1412,1272,1412,0
namespace_churn,809,global_epoch,2000,0,1976,1789,1644,1789,0
namespace_churn,809,direct,2000,0,1976,1425,1280,2000,0
namespace_churn,809,prefix_strict,2000,0,1976,1505,1360,1505,0
namespace_churn,809,bindscope,2000,0,1976,1425,1280,1505,0
namespace_churn,809,native_aware,2000,0,1976,1406,1261,1505,0
namespace_churn,809,direct_native,2000,0,1976,1406,1261,2000,0
