order,repeat,workload,policy,borrowers,sessions,executions,seconds,throughput,wait_median_us,wait_p95_us,wait_p99_us,explicit_prepares,internal_reprepares,mismatches
0,0,point,native,4,2,40,0.004340307,9215.937950932965,1.472,7.361,1195.423,0,0,0
1,0,point,native,8,2,80,0.004148558,19283.80897651666,1.337,1118.588,3040.387,0,0,0
2,0,join12,direct,1,1,10,0.000361385,27671.32006032348,1.222,1.582,1.582,0,0,0
3,0,join12,native,4,2,40,0.00193588,20662.437754406263,1.257,3.345,1125.648,0,0,0
4,0,point,bindscope,4,2,40,0.002239489,17861.21744737304,1.3575,3.055,1032.358,0,0,0
5,0,join4,native,8,2,80,0.004012873,19935.8414781629,1.2015,1242.774,2702.407,0,0,0
6,0,point,checkout,1,1,10,0.000393143,25436.037268881806,1.152,1.743,1.743,10,0,0
7,0,aggregate,checkout,4,2,40,0.004260918,9387.648389384636,1.842,5.519,1925.154,40,0,0
8,0,aggregate,bindscope,1,1,10,0.001022513,9779.82676014877,1.237,2.184,2.184,0,0,0
9,0,join12,checkout,8,2,80,0.006759968,11834.375547339869,1.778,1945.605,4216.051,80,0,0
10,0,join4,native,1,1,10,0.000355186,28154.26283693614,0.9415,1.623,1.623,0,0,0
11,0,join4,direct,4,2,40,0.002506441,15958.883532466953,1.462,3.134,1195.123,0,0,0
12,0,aggregate,direct,4,2,40,0.002788686,14343.672969993753,1.382,3.505,1353.712,0,0,0
13,0,join12,checkout,4,2,40,0.00301635,13261.060553317751,1.6125,4.747,1210.417,40,0,0
14,0,join12,direct,4,2,40,0.006318206,6330.911021261415,2.193,3.545,4977.779,0,0,0
15,0,aggregate,checkout,8,2,80,0.007922952,10097.2465818296,1.702,1887.337,5633.814,80,0,0
16,0,aggregate,bindscope,4,2,40,0.002454192,16298.64330093163,1.332,3.636,1248.503,0,0,0
17,0,point,direct,1,1,10,0.000318029,31443.673375698443,1.0715,1.362,1.362,0,0,0
18,0,point,bindscope,1,1,10,0.000272711,36668.85457498964,1.102,1.572,1.572,0,0,0
19,0,aggregate,direct,8,2,80,0.009287781,8613.467522543868,1.783,2168.301,6524.923,0,0,0
20,0,join12,native,1,1,10,0.000293583,34061.917754093396,0.986,1.692,1.692,0,0,0
21,0,aggregate,native,1,1,10,0.001587124,6300.70492286677,1.567,2.353,2.353,0,0,0
22,0,point,direct,8,2,80,0.006690262,11957.678189583607,1.692,1635.307,4671.907,0,0,0
23,0,join4,direct,8,2,80,0.006535349,12241.12132343659,1.787,2049.742,5099.142,0,0,0
24,0,aggregate,checkout,1,1,10,0.001467123,6816.061093718795,1.698,1.882,1.882,10,0,0
25,0,aggregate,direct,1,1,10,0.001066829,9373.573459289164,1.2015,1.873,1.873,0,0,0
26,0,join12,native,8,2,80,0.005811346,13766.173963828689,1.522,1548.376,4230.031,0,0,0
27,0,join4,bindscope,1,1,10,0.00027846,35911.800617682966,1.197,1.593,1.593,0,0,0
28,0,aggregate,bindscope,8,2,80,0.011252575,7109.483829256858,1.6475,3411.186,5717.796,0,0,0
29,0,join4,bindscope,8,2,80,0.006229738,12841.631542129058,1.723,1763.761,4930.709,0,0,0
30,0,join4,direct,1,1,10,0.000375767,26612.235773764063,1.217,3.215,3.215,0,0,0
31,0,join4,bindscope,4,2,40,0.002704359,14790.935670892808,1.517,5.318,748.609,0,0,0
32,0,join12,bindscope,4,2,40,0.002410697,16592.71156847999,1.367,3.154,396.157,0,0,0
33,0,join12,bindscope,8,2,80,0.007011868,11409.22789761587,1.787,1978.805,5099.929,0,0,0
34,0,join4,native,4,2,40,0.003285857,12173.384295177788,1.768,3.766,1610.66,0,0,0
35,0,join12,direct,8,2,80,0.012354151,6475.556272543536,1.8525,1689.348,5615.231,0,0,0
36,0,join4,checkout,1,1,10,0.000452673,22091.001672288825,1.1215,1.782,1.782,10,0,0
37,0,point,native,1,1,10,0.000302666,33039.720351806944,1.167,1.653,1.653,0,0,0
38,0,aggregate,native,4,2,40,0.003219377,12424.764170210572,1.417,4.837,1632.393,0,0,0
39,0,point,bindscope,8,2,80,0.005174365,15460.834324598283,1.362,1439.842,3929.107,0,0,0
40,0,join12,checkout,1,1,10,0.000829111,12061.111238422842,1.427,3.615,3.615,10,0,0
41,0,join4,checkout,4,2,40,0.003093256,12931.357766702788,1.748,3.615,1505.24,40,0,0
42,0,point,checkout,8,2,80,0.007127031,11224.870496564417,1.883,1853.566,5368.549,80,0,0
43,0,point,checkout,4,2,40,0.003039655,13159.388154247768,2.0885,3.656,1513.223,40,0,0
44,0,point,direct,4,2,40,0.001858053,21527.91120597744,1.1865,2.574,795.46,0,0,0
45,0,aggregate,native,8,2,80,0.006337761,12622.75431339238,1.5125,1176.295,4575.463,0,0,0
46,0,join4,checkout,8,2,80,0.00788865,10141.152161649965,2.1835,2359.8,6053.668,80,0,0
47,0,join12,bindscope,1,1,10,0.000302376,33071.40778368654,1.1215,1.693,1.693,0,0,0
